Timestamp,28-00000069db5d,28-0000006a8601,28-0000006a25dc,28-00000082ff57,28-00000082f49d,28-00000069f3ce
2024-09-25 12:59:07,18.25,22.0,22.0,19.187,20.812,22.812
2024-09-25 13:00:04,18.312,22.0,22.062,19.187,20.812,22.812
2024-09-25 13:15:00,18.75,20.937,22.562,19.562,21.187,23.375
2024-09-25 13:30:00,19.0,21.312,22.687,19.625,21.375,23.562
2024-09-25 13:45:00,19.125,20.062,22.75,19.625,21.375,23.625
2024-09-25 14:00:00,18.875,19.625,22.5,19.375,21.125,23.437
2024-09-25 14:15:00,18.75,20.5,22.687,19.312,21.25,23.625
2024-09-25 14:30:00,18.687,20.375,22.812,19.25,21.312,23.687
2024-09-25 14:45:00,18.562,20.375,22.937,19.25,21.375,23.75
2024-09-25 15:00:00,18.312,19.437,23.625,19.187,21.375,24.187
2024-09-25 15:15:00,18.375,19.812,23.187,19.0,21.312,24.187
2024-09-25 15:30:00,18.5,19.562,23.0,19.0,21.312,24.125
2024-09-25 15:45:00,18.5,19.687,22.875,19.0,21.312,24.062
2024-09-25 16:00:00,18.5,19.125,22.875,19.062,21.375,24.0
2024-09-25 16:15:00,18.437,19.312,22.812,19.125,21.312,24.0
2024-09-25 16:30:00,18.375,18.625,22.812,19.062,21.312,23.937
2024-09-25 16:45:00,18.187,18.625,22.75,19.125,21.187,23.875
2024-09-25 17:00:00,18.125,18.562,22.625,19.062,21.125,23.75
2024-09-25 17:15:00,18.125,18.187,22.562,19.062,21.062,23.687
2024-09-25 17:30:00,18.062,17.812,22.5,19.062,21.0,23.562
2024-09-25 17:45:00,17.937,17.5,22.437,19.062,20.937,23.5
2024-09-25 18:00:00,17.812,17.187,22.312,19.0,20.812,23.375
2024-09-25 18:15:00,17.687,17.062,22.125,19.0,20.687,23.125
2024-09-25 18:30:00,17.625,16.937,22.0,18.937,20.562,22.812
2024-09-25 18:45:00,17.687,16.875,21.812,18.937,20.5,22.375
2024-09-25 19:00:00,17.625,16.875,21.687,18.875,20.375,22.0
2024-09-25 19:15:00,17.5,16.687,21.5,18.875,20.187,21.687
2024-09-25 19:30:00,17.5,16.75,21.312,18.812,20.125,21.437
2024-09-25 19:45:00,17.375,16.562,21.125,18.75,20.0,21.25
2024-09-25 20:00:00,17.375,16.625,21.062,18.687,19.937,21.125
2024-09-25 20:15:00,17.375,16.562,21.0,18.687,19.875,21.062
2024-09-25 20:30:00,17.312,16.562,20.937,18.625,19.875,21.0
2024-09-25 20:45:00,17.25,16.5,20.875,18.625,19.812,21.0
2024-09-25 21:00:00,17.25,16.437,20.875,18.562,19.812,20.937
2024-09-25 21:15:00,17.25,16.375,20.812,18.562,19.75,20.875
2024-09-25 21:30:00,17.125,16.125,20.75,18.5,19.687,20.812
2024-09-25 21:45:00,17.062,16.125,20.687,18.5,19.625,20.687
2024-09-25 22:00:00,17.062,16.25,20.625,18.5,19.625,20.687
2024-09-25 22:15:00,17.062,16.187,20.625,18.437,19.562,20.687
2024-09-25 22:30:00,17.062,16.25,20.625,18.437,19.562,20.687
2024-09-25 22:45:00,17.0,16.125,20.562,18.437,19.5,20.625
2024-09-25 23:00:00,16.875,16.062,20.5,18.375,19.437,20.562
2024-09-25 23:15:00,16.937,15.937,20.5,18.375,19.437,20.562
2024-09-25 23:30:00,16.875,16.0,20.437,18.312,19.375,20.437
2024-09-25 23:45:00,16.875,15.75,20.437,18.312,19.375,20.437
2024-09-26 00:00:00,16.812,15.937,20.437,18.312,19.375,20.437
2024-09-26 00:15:00,16.812,15.687,20.437,18.25,19.375,20.437
2024-09-26 00:30:00,16.812,15.812,20.437,18.25,19.375,20.437
2024-09-26 00:45:00,16.75,16.0,20.375,18.312,19.375,20.437
2024-09-26 01:00:00,16.75,15.937,20.437,18.25,19.375,20.5
2024-09-26 01:15:00,16.75,15.875,20.437,18.25,19.375,20.437
2024-09-26 01:30:00,16.812,16.0,20.437,18.25,19.375,20.5
2024-09-26 01:45:00,16.75,15.687,20.5,18.25,19.437,20.5
2024-09-26 02:00:00,16.75,15.812,20.5,18.25,19.5,20.5
2024-09-26 02:15:00,16.687,15.937,20.5,18.25,19.437,20.5
2024-09-26 02:30:00,16.687,15.937,20.437,18.25,19.375,20.437
2024-09-26 02:45:00,16.75,16.187,20.5,18.25,19.437,20.5
2024-09-26 03:00:00,16.75,16.0,20.437,18.25,19.437,20.5
2024-09-26 03:15:00,16.687,16.0,20.5,18.25,19.437,20.5
2024-09-26 03:30:00,16.75,16.25,20.5,18.25,19.437,20.5
2024-09-26 03:45:00,16.812,16.125,20.437,18.25,19.375,20.5
2024-09-26 04:00:00,16.75,15.812,20.437,18.25,19.375,20.5
2024-09-26 04:15:00,16.687,15.687,20.437,18.187,19.312,20.437
2024-09-26 04:30:00,16.687,16.0,20.375,18.125,19.25,20.437
2024-09-26 04:45:00,16.687,16.062,20.375,18.062,19.25,20.375
2024-09-26 05:00:00,16.687,16.062,20.375,18.062,19.312,20.437
2024-09-26 05:15:00,16.687,16.062,20.375,18.0,19.25,20.375
2024-09-26 05:30:00,16.75,16.125,20.375,18.0,19.312,20.375
2024-09-26 05:45:00,16.75,16.125,20.375,18.0,19.312,20.375
2024-09-26 06:00:00,16.75,16.0,20.375,18.0,19.25,20.375
2024-09-26 06:15:00,16.687,15.625,20.312,17.937,19.25,20.312
2024-09-26 06:30:00,16.625,15.937,20.25,17.937,19.125,20.25
2024-09-26 06:45:00,16.625,16.062,20.187,17.875,19.125,20.25
2024-09-26 07:00:00,16.625,16.125,20.25,17.875,19.125,20.25
2024-09-26 07:15:00,16.687,16.5,20.25,17.875,19.187,20.312
2024-09-26 07:30:00,16.75,16.562,20.375,17.875,19.25,20.562
2024-09-26 07:45:00,16.812,17.0,20.5,17.937,19.312,21.062
2024-09-26 08:00:00,16.875,17.25,20.687,17.937,19.437,21.5
2024-09-26 08:15:00,17.0,17.312,20.875,17.937,19.562,21.75
2024-09-26 08:30:00,17.0,17.562,21.0,18.0,19.687,22.0
2024-09-26 08:45:00,17.062,17.562,21.125,18.0,19.75,22.125
2024-09-26 09:00:00,17.125,17.812,21.187,18.062,19.812,22.25
2024-09-26 09:15:00,17.187,18.125,21.375,18.125,19.937,22.375
2024-09-26 09:30:00,17.25,18.687,21.437,18.125,20.062,22.5
2024-09-26 09:45:00,17.375,19.0,21.687,18.187,20.25,22.687
2024-09-26 10:00:00,17.562,20.437,21.812,18.25,20.375,22.937
2024-09-26 10:15:00,17.687,20.625,22.062,18.312,20.687,23.187
2024-09-26 10:30:00,17.937,20.625,22.25,18.375,20.812,23.437
2024-09-26 10:45:00,18.062,19.562,22.437,18.5,20.937,23.562
2024-09-26 11:00:00,18.125,19.875,22.5,18.5,21.0,23.562
2024-09-26 11:15:00,18.125,18.437,22.562,18.562,21.062,23.687
2024-09-26 11:30:00,18.125,18.312,22.5,18.562,20.937,23.625
2024-09-26 11:45:00,18.062,18.187,22.375,18.625,20.812,23.5
2024-09-26 12:00:00,18.062,18.875,22.312,18.625,20.812,23.5
2024-09-26 12:15:00,18.125,19.125,22.437,18.625,20.937,23.625
2024-09-26 12:30:00,18.25,19.437,22.562,18.75,21.062,23.75
2024-09-26 12:45:00,18.375,20.562,22.75,18.75,21.25,24.0
2024-09-26 13:00:00,18.562,21.0,23.0,18.875,21.5,24.312
2024-09-26 13:15:00,18.875,21.062,23.25,18.937,21.687,24.5
2024-09-30 14:05:41,27.812,41.937,34.812,24.437,32.187,36.812
2024-09-30 14:20:00,28.062,40.125,35.187,24.625,32.375,37.187
2024-09-30 14:35:00,27.875,38.437,35.437,24.75,32.687,37.625
2024-09-30 14:50:00,27.625,39.187,35.562,24.937,32.812,37.875
2024-09-30 15:05:00,27.812,35.75,35.625,25.125,32.875,38.0
2024-09-30 15:20:00,27.812,35.187,35.625,25.062,32.937,38.0
2024-09-30 15:35:00,27.312,32.687,35.625,27.5,32.687,37.75
2024-09-30 15:50:00,26.375,30.5,35.062,25.375,32.25,37.125
2024-09-30 16:05:00,25.75,32.437,34.687,25.0,31.875,37.0
2024-09-30 16:20:00,25.75,30.062,34.562,24.937,31.812,36.937
2024-09-30 16:35:00,26.25,30.562,34.5,24.937,31.687,36.812
2024-09-30 16:50:00,26.375,28.937,34.25,24.75,31.437,36.375
2024-09-30 17:05:00,26.437,28.125,34.062,24.687,31.312,36.125
2024-09-30 17:20:00,25.625,22.562,33.312,24.5,30.5,35.062
2024-10-01 14:01:23,20.875,30.187,26.187,20.687,27.625
2024-10-01 14:06:59,21.062,29.5,26.375,20.687,27.875
2024-10-01 14:15:01,21.187,24.5,26.562,20.75,28.0
2024-10-01 14:36:48,20.437,20.375,26.062,20.687,27.375
2024-10-01 14:51:00,20.062,22.812,25.625,20.625,26.937
2024-10-01 15:06:00,20.187,26.312,25.5,20.562,26.875
2024-10-01 15:21:00,20.5,26.687,25.875,20.625,27.25
2024-10-01 15:36:00,20.562,24.062,25.937,20.625,27.312
2024-10-01 15:51:00,20.25,22.5,25.812,20.562,27.125
2024-10-01 16:06:00,20.125,25.187,25.562,20.625,26.937
2024-10-01 16:21:00,20.062,23.187,25.625,20.625,26.937
2024-10-01 16:36:00,19.812,20.75,25.437,20.562,26.75
2024-10-01 16:51:00,19.562,20.25,25.125,20.5,26.312
2024-10-01 17:06:00,19.25,19.312,24.75,20.437,26.0
2024-10-01 17:21:00,19.0,17.75,24.5,20.375,25.687
2024-10-01 17:36:00,18.625,16.937,24.125,20.312,25.25
2024-10-01 17:51:00,18.437,16.875,23.812,20.25,25.0
2024-10-01 18:06:00,18.125,16.75,23.5,20.125,24.625
2024-10-01 18:21:00,17.937,16.687,23.25,20.062,24.062
2024-10-01 18:36:00,17.937,16.562,22.937,19.937,23.437
2024-10-01 18:51:00,17.812,16.062,22.625,19.875,22.937
2024-10-01 19:06:00,17.812,15.5,22.375,19.75,22.562
2024-10-01 19:21:00,17.437,14.75,22.062,19.562,22.187
2024-10-01 19:36:00,17.25,15.187,21.75,19.437,21.875
2024-10-01 19:51:00,17.062,15.187,21.562,19.312,21.625
2024-10-01 20:06:00,17.0,15.187,21.437,19.25,21.5
2024-10-01 20:21:00,16.875,14.687,21.312,19.187,21.312
2024-10-01 20:36:00,16.687,13.875,21.125,19.062,21.125
2024-10-01 20:51:00,16.5,14.0,21.0,18.937,21.0
2024-10-01 21:06:00,16.437,13.937,20.875,18.875,20.875
2024-10-01 21:21:00,16.312,13.312,20.75,18.812,20.75
2024-10-01 21:36:00,16.062,12.812,20.562,18.75,20.562
2024-10-01 21:51:00,15.812,13.187,20.375,18.687,20.437
2024-10-01 22:06:00,15.687,14.187,20.25,18.562,20.25
2024-10-01 22:21:00,15.812,14.625,20.25,18.562,20.187
2024-10-01 22:36:00,15.937,14.875,20.25,18.562,20.187
2024-10-01 22:51:00,16.0,14.937,20.25,18.5,20.187
2024-10-01 23:06:00,16.062,15.187,20.25,18.5,20.25
2024-10-01 23:21:00,16.187,15.25,20.312,18.5,20.25
2024-10-01 23:36:00,16.312,14.875,20.312,18.5,20.312
2024-10-01 23:51:00,16.312,14.562,20.312,18.562,20.375
2024-10-02 00:06:00,16.25,13.875,20.312,18.5,20.312
2024-10-02 00:21:00,16.125,13.875,20.25,18.437,20.25
2024-10-02 00:36:00,16.187,14.5,20.25,18.437,20.187
2024-10-02 00:51:00,16.25,14.562,20.187,18.437,20.187
2024-10-02 01:06:00,16.125,14.875,20.25,18.437,20.187
2024-10-02 01:21:00,16.0,14.75,20.187,18.375,20.187
2024-10-02 01:36:00,15.812,14.5,20.125,18.312,20.125
2024-10-02 01:51:00,15.625,14.562,20.0,18.25,20.0
2024-10-02 02:06:00,15.562,14.5,20.0,18.25,19.937
2024-10-02 02:21:00,15.5,14.562,19.875,18.187,19.875
2024-10-02 02:36:00,15.5,14.437,19.875,18.125,19.812
2024-10-02 02:51:00,15.437,14.187,19.875,18.125,19.812
2024-10-02 03:06:00,15.437,14.062,19.875,18.125,19.812
2024-10-02 03:21:00,15.312,13.0,19.812,18.062,19.75
2024-10-02 03:36:00,15.125,12.125,19.687,18.0,19.687
2024-10-02 03:51:00,14.937,13.25,19.5,17.937,19.5
2024-10-02 04:06:00,15.0,13.937,19.562,17.937,19.5
2024-10-02 04:21:00,15.0,14.062,19.437,17.875,19.437
2024-10-02 04:36:00,14.937,14.062,19.437,17.875,19.437
2024-10-02 04:51:00,14.937,13.937,19.437,17.812,19.375
2024-10-02 05:06:00,14.812,13.625,19.375,17.812,19.375
2024-10-02 05:21:00,14.687,13.562,19.312,17.75,19.312
2024-10-02 05:36:00,14.625,13.625,19.25,17.687,19.25
2024-10-02 05:51:00,14.562,13.687,19.187,17.687,19.187
2024-10-02 06:06:00,14.5,13.5,19.187,17.625,19.125
2024-10-02 06:21:00,14.437,13.625,19.125,17.562,19.062
2024-10-02 06:36:00,14.437,13.375,19.062,17.562,19.062
2024-10-02 06:51:00,14.25,12.375,18.937,17.437,18.875
2024-10-02 07:06:00,14.062,12.5,18.812,17.437,18.875
2024-10-02 07:21:00,14.125,12.937,18.875,17.375,19.375
2024-10-02 07:36:00,14.187,12.937,19.062,17.437,19.812
2024-10-02 07:51:00,14.25,13.625,19.25,17.437,20.062
2024-10-02 08:06:00,14.437,17.25,19.5,17.5,20.437
2024-10-02 08:21:00,14.75,17.125,19.875,17.625,20.875
2024-10-02 08:36:00,14.937,16.312,20.125,17.687,21.125
2024-10-02 08:51:00,15.0,16.187,20.312,17.75,21.312
2024-10-02 09:06:00,15.187,19.562,20.5,17.875,21.562
2024-10-02 09:21:00,15.687,20.437,20.937,17.937,22.062
2024-10-02 09:36:00,15.687,19.625,21.312,18.125,22.437
2024-10-02 09:51:00,16.312,19.437,21.562,18.187,22.687
2024-10-02 10:06:00,16.5,19.625,21.75,18.25,22.875
2024-10-02 10:21:00,16.875,23.5,21.937,18.375,23.125
2024-10-02 10:36:00,18.187,28.312,23.0,18.562,24.125
2024-10-02 10:51:00,19.187,30.187,24.062,18.812,25.25
2024-10-02 11:06:00,19.75,32.0,25.062,19.125,26.312
2024-10-02 11:21:00,20.375,34.812,26.125,19.375,27.5
2024-10-02 11:36:00,20.812,32.812,26.812,19.75,28.25
2024-10-02 11:51:00,21.187,32.75,27.312,20.062,28.812
2024-10-02 12:06:00,21.687,37.625,28.062,20.312,29.562
2024-10-02 12:21:00,22.062,35.75,28.687,20.625,30.062
2024-10-02 12:36:00,22.187,34.437,28.75,20.75,30.187
2024-10-02 12:51:00,22.062,34.312,28.687,20.937,30.187
2024-10-02 13:06:00,22.187,31.437,28.812,21.062,30.437
2024-10-02 13:21:00,22.0,30.375,28.562,21.062,30.187
2024-10-02 13:36:00,22.375,36.937,28.875,21.25,30.625
2024-10-02 13:51:00,22.625,34.437,29.312,21.375,30.937
2024-10-02 14:06:00,23.062,39.0,29.812,21.562,31.562
2024-10-02 14:21:00,23.562,37.437,30.5,21.75,32.25
2024-10-02 14:36:00,23.812,30.5,30.812,21.875,32.562
2024-10-02 14:51:00,23.25,27.625,30.375,21.875,32.0
2024-10-02 15:06:00,22.437,25.187,29.5,21.812,31.062
2024-10-02 15:21:00,22.187,31.687,28.875,21.687,30.5
2024-10-02 15:36:00,22.75,34.125,29.562,21.812,31.437
2024-10-02 15:51:00,23.187,33.187,30.437,21.937,32.375
2024-10-02 16:06:00,23.25,26.687,30.812,22.062,32.687
2024-10-02 16:21:00,22.812,27.562,30.625,22.062,32.5
2024-10-02 16:36:00,22.562,26.312,30.375,22.0,32.187
2024-10-02 16:51:00,22.125,23.75,30.062,21.937,31.937
2024-10-02 17:06:00,21.25,23.125,29.5,21.875,31.312
2024-10-02 17:21:00,20.562,18.437,28.5,21.687,30.125
2024-10-02 17:36:00,19.75,17.312,27.25,21.5,28.687
2024-10-02 17:51:00,19.25,16.812,26.187,21.437,27.625
2024-10-02 18:06:00,18.937,16.375,25.375,21.25,26.75
2024-10-02 18:21:00,18.562,15.812,24.75,21.0,25.937
2024-10-02 18:36:00,18.375,15.562,24.125,20.812,25.125
2024-10-02 18:51:00,18.125,15.25,23.5,20.5,24.125
2024-10-02 19:06:00,17.875,15.25,22.937,20.25,23.312
2024-10-02 19:21:00,17.75,14.5,22.5,20.0,22.812
2024-10-02 19:36:00,17.562,14.562,22.187,19.812,22.312
2024-10-02 19:51:00,17.437,14.5,21.875,19.625,22.0
2024-10-02 20:06:00,17.437,14.875,21.687,19.5,21.75
2024-10-02 20:21:00,17.375,14.75,21.562,19.437,21.562
2024-10-02 20:36:00,17.312,14.437,21.375,19.312,21.375
2024-10-02 20:51:00,17.187,14.625,21.187,19.187,21.187
2024-10-02 21:06:00,17.0,14.312,21.0,19.062,21.0
2024-10-02 21:21:00,17.0,14.312,20.812,19.0,20.937
2024-10-02 21:36:00,16.937,14.5,20.75,18.937,20.812
2024-10-02 21:51:00,16.875,14.5,20.625,18.875,20.625
2024-10-02 22:06:00,16.812,14.187,20.562,18.812,20.562
2024-10-02 22:21:00,16.75,14.0,20.5,18.75,20.5
2024-10-02 22:36:00,16.562,13.25,20.437,18.75,20.437
2024-10-02 22:51:00,16.375,13.437,20.375,18.687,20.437
2024-10-02 23:06:00,16.187,13.562,20.312,18.625,20.312
2024-10-02 23:21:00,16.125,13.0,20.25,18.562,20.25
2024-10-02 23:36:00,15.875,12.437,20.187,18.5,20.125
2024-10-02 23:51:00,15.625,12.187,20.062,18.375,20.062
2024-10-03 00:06:00,15.375,11.875,19.937,18.312,19.875
2024-10-03 00:21:00,15.125,11.812,19.75,18.187,19.75
2024-10-03 00:36:00,14.875,11.625,19.625,18.062,19.562
2024-10-03 00:51:00,14.687,11.5,19.5,18.0,19.5
2024-10-03 01:06:00,14.5,11.437,19.375,17.937,19.312
2024-10-03 01:21:00,14.437,11.625,19.25,17.875,19.25
2024-10-03 01:36:00,14.312,11.687,19.187,17.875,19.125
2024-10-03 01:51:00,14.187,11.625,19.187,17.812,19.125
2024-10-03 02:06:00,14.125,11.5,19.125,17.75,19.062
2024-10-03 02:21:00,14.0,11.25,19.0,17.687,18.937
2024-10-03 02:36:00,13.937,11.187,18.937,17.625,18.875
2024-10-03 02:51:00,13.875,11.062,18.875,17.562,18.812
2024-10-03 03:06:00,13.75,10.937,18.75,17.5,18.75
2024-10-03 03:21:00,13.687,11.0,18.687,17.5,18.687
2024-10-03 03:36:00,13.562,10.875,18.625,17.375,18.562
2024-10-03 03:51:00,13.5,10.875,18.5,17.312,18.437
2024-10-03 04:06:00,13.437,10.625,18.437,17.25,18.375
2024-10-03 04:21:00,13.312,10.812,18.312,17.25,18.25
2024-10-03 04:36:00,13.187,10.687,18.187,17.125,18.125
2024-10-03 04:51:00,13.062,10.625,18.062,17.062,18.0
2024-10-03 05:06:00,13.0,10.5,18.062,17.0,17.937
2024-10-03 05:21:00,12.937,10.625,17.937,17.0,17.875
2024-10-03 05:36:00,12.875,10.75,17.875,16.937,17.812
2024-10-03 05:51:00,12.875,10.437,17.75,16.875,17.687
2024-10-03 06:06:00,12.812,10.312,17.687,16.812,17.625
2024-10-03 06:21:00,12.687,10.5,17.625,16.812,17.562
2024-10-03 06:36:00,12.687,10.312,17.562,16.687,17.5
2024-10-03 06:51:00,12.625,10.312,17.5,16.687,17.5
2024-10-03 07:06:00,12.625,10.687,17.562,16.75,17.625
2024-10-03 07:21:00,12.687,11.375,17.687,16.75,18.125
2024-10-03 07:36:00,12.875,13.5,17.875,16.812,18.625
2024-10-03 07:51:00,13.062,15.25,18.187,16.875,19.125
2024-10-03 08:06:00,13.375,18.625,18.75,17.0,19.75
2024-10-03 08:21:00,13.875,22.25,19.75,17.125,20.687
2024-10-03 08:36:00,14.437,25.625,21.375,17.312,22.125
2024-10-03 08:51:00,17.187,27.687,22.812,17.5,23.5
2024-10-03 09:06:00,20.375,29.687,24.062,17.75,24.812
2024-10-03 09:21:00,21.437,30.437,25.25,18.062,26.062
2024-10-03 09:36:00,21.5,33.062,26.0,18.375,26.875
2024-10-03 09:51:00,21.75,32.875,26.687,18.75,27.625
2024-10-03 10:06:00,22.187,32.687,27.125,19.125,28.187
2024-10-03 10:21:00,21.812,33.437,27.25,19.437,28.375
2024-10-03 10:36:00,21.062,35.312,27.312,19.687,28.562
2024-10-03 10:51:00,20.75,33.312,27.5,19.937,28.812
2024-10-03 11:06:00,20.562,31.625,27.375,20.125,28.812
2024-10-03 11:21:00,20.562,38.875,27.437,20.312,28.875
2024-10-03 11:36:00,21.25,42.562,28.312,20.562,29.625
2024-10-03 11:51:00,21.75,33.937,29.062,20.875,30.312
2024-10-03 12:06:00,21.5,25.875,28.5,21.0,29.75
2024-10-03 12:21:00,21.437,42.25,28.437,21.062,29.875
2024-10-03 12:36:00,22.062,33.25,29.125,21.25,30.5
2024-10-03 12:51:00,22.312,31.625,29.375,21.5,30.812
2024-10-03 13:06:00,22.5,30.812,29.562,21.625,31.0
2024-10-03 13:21:00,22.812,43.25,29.625,21.75,31.25
2024-10-03 13:36:00,23.375,31.937,30.25,22.0,31.812
2024-10-03 13:51:00,23.312,30.437,29.937,22.0,31.437
2024-10-03 14:06:00,23.5,31.562,30.0,22.125,31.625
2024-10-03 14:21:00,23.812,32.937,30.25,22.312,31.875
2024-10-03 14:36:00,24.062,34.5,30.5,22.375,32.125
2024-10-03 14:51:00,24.25,32.187,30.562,22.437,32.187
2024-10-03 15:06:00,24.687,38.562,30.875,22.562,32.687
2024-10-03 15:21:00,25.312,37.25,31.75,22.875,33.625
2024-10-03 15:36:00,25.562,35.312,32.062,23.0,33.875
2024-10-03 15:51:00,25.25,27.75,32.062,23.062,33.812
2024-10-03 16:06:00,25.062,31.625,31.625,23.0,33.312
2024-10-03 16:21:00,25.25,30.75,32.0,23.0,33.875
2024-10-03 16:36:00,24.562,24.937,31.625,23.0,33.437
2024-10-03 16:51:00,24.25,27.875,31.125,22.937,33.0
2024-10-03 17:06:00,23.937,24.562,30.75,22.875,32.625
2024-10-03 17:21:00,23.312,21.562,30.125,22.812,31.687
2024-10-03 17:36:00,22.75,20.187,29.187,22.687,30.687
2024-10-03 17:51:00,22.25,19.187,28.5,22.5,29.937
2024-10-03 18:06:00,21.875,19.125,27.875,22.375,29.25
2024-10-03 18:21:00,21.5,18.625,27.312,22.25,28.5
2024-10-03 18:36:00,21.187,18.125,26.687,22.062,27.5
2024-10-03 18:51:00,20.812,18.0,26.062,21.937,26.625
2024-10-03 19:06:00,20.437,17.562,25.437,21.75,25.812
2024-10-03 19:21:00,20.0,17.125,24.875,21.562,25.125
2024-10-03 19:36:00,19.437,16.875,24.312,21.312,24.5
2024-10-03 19:51:00,19.062,16.437,23.812,21.062,24.0
2024-10-03 20:06:00,18.687,16.062,23.375,20.875,23.5
2024-10-03 20:21:00,18.375,15.875,23.0,20.625,23.125
2024-10-03 20:36:00,18.125,15.437,22.75,20.437,22.812
2024-10-03 20:51:00,17.875,15.187,22.437,20.25,22.5
2024-10-03 21:06:00,17.687,14.937,22.187,20.125,22.25
2024-10-03 21:21:00,17.437,14.875,21.937,20.0,22.0
2024-10-03 21:36:00,17.187,14.5,21.687,19.812,21.75
2024-10-03 21:51:00,17.0,14.562,21.5,19.687,21.562
2024-10-03 22:06:00,16.875,14.375,21.375,19.562,21.375
2024-10-03 22:21:00,16.75,14.312,21.187,19.5,21.187
2024-10-03 22:36:00,16.562,14.375,21.0,19.375,21.062
2024-10-03 22:51:00,16.5,14.187,20.875,19.312,20.937
2024-10-03 23:06:00,16.437,14.125,20.75,19.187,20.75
2024-10-03 23:21:00,16.312,14.062,20.625,19.125,20.687
2024-10-03 23:36:00,16.25,13.937,20.562,19.0,20.562
2024-10-03 23:51:00,16.187,14.125,20.437,18.937,20.437
2024-10-04 00:06:00,16.062,14.0,20.25,18.812,20.312
2024-10-04 00:21:00,15.937,14.125,20.125,18.687,20.125
2024-10-04 00:36:00,15.875,13.75,20.062,18.625,20.0
2024-10-04 00:51:00,15.75,13.75,19.937,18.562,19.937
2024-10-04 01:06:00,15.687,13.812,19.812,18.5,19.812
2024-10-04 01:21:00,15.625,13.625,19.687,18.375,19.687
2024-10-04 01:36:00,15.5,13.75,19.625,18.312,19.625
2024-10-04 01:51:00,15.437,13.687,19.5,18.25,19.437
2024-10-04 02:06:00,15.375,13.562,19.437,18.187,19.375
2024-10-04 02:21:00,15.312,13.125,19.312,18.062,19.312
2024-10-04 02:36:00,15.25,13.312,19.25,18.062,19.25
2024-10-04 02:51:00,15.187,13.0,19.25,18.0,19.187
2024-10-04 03:06:00,15.062,13.312,19.125,17.937,19.125
2024-10-04 03:21:00,15.062,13.125,19.062,17.875,19.0
2024-10-04 03:36:00,15.0,13.187,19.0,17.875,18.937
2024-10-04 03:51:00,14.937,13.125,18.937,17.75,18.937
2024-10-04 04:06:00,14.875,12.437,18.937,17.75,18.875
2024-10-04 04:21:00,14.75,12.062,18.937,17.687,18.875
2024-10-04 04:36:00,14.625,12.125,18.937,17.687,18.875
2024-10-04 04:51:00,14.562,11.875,18.937,17.687,18.875
2024-10-04 05:06:00,14.437,12.125,18.875,17.625,18.812
2024-10-04 05:21:00,14.437,12.437,18.875,17.625,18.812
2024-10-04 05:36:00,14.375,12.187,18.812,17.562,18.75
2024-10-04 05:51:00,14.375,12.187,18.75,17.562,18.75
2024-10-04 06:06:00,14.312,11.875,18.687,17.5,18.687
2024-10-04 06:21:00,14.25,12.0,18.687,17.437,18.625
2024-10-04 06:36:00,14.187,11.687,18.687,17.437,18.562
2024-10-04 06:51:00,14.125,11.75,18.687,17.375,18.562
2024-10-04 07:06:00,14.125,12.062,18.687,17.437,18.75
2024-10-04 07:21:00,14.187,12.75,18.812,17.375,19.25
2024-10-04 07:36:00,14.312,14.187,19.0,17.437,19.75
2024-10-04 07:51:00,14.437,15.0,19.187,17.437,20.062
2024-10-04 08:06:00,14.562,17.062,19.5,17.562,20.5
2024-10-04 08:21:00,14.812,20.0,20.312,17.625,21.187
2024-10-04 08:36:00,15.25,21.812,21.5,17.75,22.312
2024-10-04 08:51:00,18.062,26.25,22.687,17.875,23.5
2024-10-04 09:06:00,20.062,26.75,23.812,18.062,24.625
2024-10-04 09:21:00,21.062,29.625,24.812,18.312,25.687
2024-10-04 09:36:00,21.5,30.437,25.687,18.625,26.625
2024-10-04 09:51:00,22.125,33.5,26.5,19.0,27.5
2024-10-04 10:06:00,22.562,31.5,27.125,19.312,28.187
2024-10-04 10:21:00,23.125,35.937,27.625,19.625,28.75
2024-10-04 10:36:00,23.5,36.125,28.375,19.937,29.5
2024-10-04 10:51:00,23.312,36.937,28.875,20.375,30.062
2024-10-04 11:06:00,23.25,38.937,29.312,20.75,30.562
2024-10-04 11:21:00,23.5,37.687,29.875,21.25,31.187
2024-10-04 11:36:00,23.562,36.125,30.062,21.625,31.375
2024-10-04 11:51:00,23.625,36.875,30.25,21.937,31.625
2024-10-04 12:06:00,23.25,36.062,30.187,22.062,31.625
2024-10-04 12:21:00,23.187,39.812,30.125,22.062,31.625
2024-10-04 12:36:00,23.5,44.562,30.562,22.25,32.125
2024-10-04 12:51:00,24.187,40.312,31.375,22.562,32.875
2024-10-04 13:06:00,23.937,29.062,31.187,22.75,32.625
2024-10-04 13:21:00,23.625,34.875,30.562,22.687,32.187
2024-10-04 13:36:00,23.562,32.875,30.625,22.812,32.25
2024-10-04 13:51:00,23.312,28.687,30.312,22.75,31.812
2024-10-04 14:06:00,23.187,29.437,30.062,22.75,31.562
2024-10-04 14:21:00,23.187,28.312,29.812,22.625,31.187
2024-10-04 14:36:00,23.0,27.187,29.5,22.562,30.937
2024-10-04 14:51:00,23.0,29.812,29.25,22.5,30.75
2024-10-04 15:06:00,23.25,30.062,29.437,22.5,30.937
2024-10-04 15:21:00,23.25,28.312,29.312,22.437,30.75
2024-10-04 15:36:00,23.687,30.75,29.5,22.625,31.187
2024-10-04 15:51:00,23.75,30.0,29.75,22.75,31.375
2024-10-04 16:06:00,23.875,28.687,30.0,22.812,31.625
2024-10-04 16:21:00,24.062,30.5,30.187,22.875,31.937
2024-10-04 16:36:00,23.937,24.937,30.312,22.937,32.0
2024-10-04 16:51:00,23.5,27.0,29.875,22.875,31.437
2024-10-04 17:06:00,23.25,24.125,29.562,22.875,31.125
2024-10-04 17:21:00,22.687,22.625,28.937,22.75,30.312
2024-10-04 17:36:00,22.25,21.187,28.25,22.625,29.562
2024-10-04 17:51:00,21.812,20.125,27.562,22.437,28.875
2024-10-04 18:06:00,21.437,19.375,27.062,22.312,28.25
2024-10-04 18:21:00,21.125,18.75,26.5,22.187,27.562
2024-10-04 18:36:00,20.75,18.437,25.937,22.062,26.687
2024-10-04 18:51:00,20.5,18.25,25.437,21.937,25.875
2024-10-04 19:06:00,20.187,17.937,24.937,21.687,25.25
2024-10-04 19:21:00,19.937,18.0,24.562,21.562,24.75
2024-10-04 19:36:00,19.625,17.687,24.187,21.375,24.375
2024-10-04 19:51:00,19.375,17.75,23.875,21.187,23.937
2024-10-04 20:06:00,19.187,17.5,23.562,21.0,23.687
2024-10-04 20:21:00,19.0,17.125,23.312,20.875,23.437
2024-10-04 20:36:00,18.75,17.0,23.125,20.75,23.125
2024-10-04 20:51:00,18.562,16.812,22.875,20.562,22.937
2024-10-04 21:06:00,18.375,16.562,22.625,20.437,22.687
2024-10-04 21:21:00,18.187,16.312,22.437,20.312,22.5
2024-10-04 21:36:00,18.0,16.125,22.25,20.125,22.312
2024-10-04 21:51:00,17.875,16.687,22.125,20.062,22.125
2024-10-04 22:06:00,17.75,16.5,22.0,19.937,22.0
2024-10-04 22:21:00,17.687,16.687,21.875,19.812,21.937
2024-10-04 22:36:00,17.625,16.562,21.812,19.812,21.875
2024-10-04 22:51:00,17.562,15.875,21.75,19.687,21.75
2024-10-04 23:06:00,17.5,15.687,21.687,19.625,21.687
2024-10-04 23:21:00,17.437,15.437,21.562,19.562,21.562
2024-10-04 23:36:00,17.25,15.375,21.437,19.437,21.5
2024-10-04 23:51:00,17.25,15.687,21.375,19.437,21.437
2024-10-05 00:06:00,17.125,15.25,21.312,19.312,21.312
2024-10-05 00:21:00,16.937,15.375,21.187,19.25,21.25
2024-10-05 00:36:00,16.875,15.312,21.125,19.187,21.125
2024-10-05 00:51:00,16.812,15.062,21.0,19.125,21.0
2024-10-05 01:06:00,16.75,14.875,20.937,19.062,20.937
2024-10-05 01:21:00,16.687,14.875,20.875,19.0,20.875
2024-10-05 01:36:00,16.562,15.312,20.812,18.937,20.812
2024-10-05 01:51:00,16.562,15.375,20.812,18.937,20.812
2024-10-05 02:06:00,16.5,14.562,20.687,18.875,20.75
2024-10-05 02:21:00,16.437,14.312,20.625,18.812,20.687
2024-10-05 02:36:00,16.312,14.125,20.5,18.75,20.562
2024-10-05 02:51:00,16.187,13.875,20.437,18.687,20.437
2024-10-05 03:06:00,16.062,14.25,20.375,18.562,20.312
2024-10-05 03:21:00,16.0,14.375,20.25,18.5,20.25
2024-10-05 03:36:00,15.875,14.062,20.187,18.5,20.187
2024-10-05 03:51:00,15.812,13.562,20.125,18.437,20.062
2024-10-05 04:06:00,15.75,13.5,20.062,18.375,20.062
2024-10-05 04:21:00,15.687,13.437,20.0,18.312,20.0
2024-10-05 04:36:00,15.625,13.562,19.875,18.25,19.875
2024-10-05 04:51:00,15.562,13.312,19.812,18.187,19.875
2024-10-05 05:06:00,15.437,13.375,19.75,18.187,19.75
2024-10-05 05:21:00,15.437,13.187,19.687,18.062,19.687
2024-10-05 05:36:00,15.312,13.375,19.625,18.062,19.625
2024-10-05 05:51:00,15.25,13.0,19.562,18.0,19.562
2024-10-05 06:06:00,15.125,13.062,19.5,17.937,19.5
2024-10-05 06:21:00,15.062,12.812,19.5,17.875,19.437
2024-10-05 06:36:00,15.062,14.187,19.375,17.812,19.312
2024-10-05 06:51:00,15.0,14.0,19.312,17.75,19.312
2024-10-05 07:06:00,14.937,14.125,19.312,17.812,19.312
2024-10-05 07:21:00,15.0,14.812,19.437,17.812,19.875
2024-10-05 07:36:00,15.187,15.25,19.75,17.812,20.5
2024-10-05 07:51:00,15.312,15.5,20.062,17.937,20.937
2024-10-05 08:06:00,15.5,16.375,20.375,17.937,21.312
2024-10-05 08:21:00,15.812,18.187,20.812,18.062,21.75
2024-10-05 08:36:00,16.125,18.625,21.062,18.125,22.125
2024-10-05 08:51:00,16.25,16.312,21.25,18.187,22.312
2024-10-05 09:06:00,16.25,16.75,21.25,18.187,22.375
2024-10-05 09:21:00,16.375,17.562,21.375,18.312,22.5
2024-10-05 09:36:00,16.437,17.187,21.437,18.375,22.562
2024-10-05 09:51:00,16.5,17.5,21.562,18.437,22.687
2024-10-05 10:06:00,16.562,18.187,21.562,18.437,22.75
2024-10-05 10:21:00,16.812,19.937,21.875,18.5,23.062
2024-10-05 10:36:00,17.437,23.5,22.375,18.625,23.562
2024-10-05 10:51:00,18.062,28.875,23.125,18.75,24.375
2024-10-05 11:06:00,18.812,33.0,24.437,18.937,25.562
2024-10-05 11:21:00,19.5,36.062,25.25,19.25,26.375
2024-10-05 11:36:00,20.312,36.562,26.312,19.562,27.5
2024-10-05 11:51:00,21.0,39.687,27.125,19.937,28.312
2024-10-05 12:06:00,21.312,37.625,27.437,20.25,28.625
2024-10-05 12:21:00,21.687,34.625,27.75,20.437,29.062
2024-10-05 12:36:00,22.062,36.187,28.062,20.625,29.437
2024-10-05 12:51:00,22.437,29.625,28.375,20.812,29.687
2024-10-05 13:06:00,22.812,39.812,28.625,21.0,30.062
2024-10-05 13:21:00,23.75,42.437,29.812,21.375,31.375
2024-10-05 13:36:00,24.187,31.125,30.312,21.687,31.75
2024-10-05 13:51:00,24.437,40.875,30.375,21.875,31.937
2024-10-05 14:06:00,25.437,41.125,31.375,22.312,33.0
2024-10-05 14:21:00,26.625,43.0,32.312,22.687,34.125
2024-10-05 14:36:00,27.375,42.187,33.125,23.062,34.937
2024-10-05 14:51:00,27.687,40.125,33.75,23.437,35.625
2024-10-05 15:06:00,27.937,36.687,34.25,23.687,36.187
2024-10-05 15:21:00,28.062,37.062,34.5,23.812,36.437
2024-10-05 15:36:00,27.812,35.25,34.625,24.0,36.562
2024-10-05 15:51:00,27.5,36.562,34.562,24.125,36.5
2024-10-05 16:06:00,27.375,33.5,34.625,24.125,36.562
2024-10-05 16:21:00,27.312,32.437,34.625,24.125,36.687
2024-10-05 16:36:00,27.125,31.312,34.562,24.187,36.625
2024-10-05 16:51:00,26.75,29.312,34.187,24.062,36.187
2024-10-05 17:06:00,26.062,28.125,33.687,23.937,35.625
2024-10-05 17:21:00,24.812,21.562,32.625,23.812,34.375
2024-10-05 17:36:00,23.562,19.125,31.25,23.562,32.75
2024-10-05 17:51:00,22.687,18.187,29.937,23.375,31.375
2024-10-05 18:06:00,21.875,17.375,28.75,23.187,30.125
2024-10-05 18:21:00,21.187,16.625,27.812,23.0,29.0
2024-10-05 18:36:00,20.625,15.937,26.937,22.625,27.812
2024-10-05 18:51:00,20.187,15.5,26.125,22.312,26.687
2024-10-05 19:06:00,19.75,14.75,25.437,21.937,25.75
2024-10-05 19:21:00,19.312,14.25,24.812,21.625,25.062
2024-10-05 19:36:00,18.875,13.937,24.312,21.312,24.5
2024-10-05 19:51:00,18.5,13.437,23.812,21.062,23.937
2024-10-05 20:06:00,18.125,13.25,23.437,20.75,23.437
2024-10-05 20:21:00,17.75,13.0,23.0,20.5,23.062
2024-10-05 20:36:00,17.562,13.0,22.687,20.312,22.687
2024-10-05 20:51:00,17.312,12.75,22.375,20.125,22.375
2024-10-05 21:06:00,17.062,12.812,22.125,20.0,22.125
2024-10-05 21:21:00,16.812,12.625,21.875,19.812,21.875
2024-10-05 21:36:00,16.625,12.375,21.625,19.625,21.687
2024-10-05 21:51:00,16.437,12.687,21.437,19.5,21.375
2024-10-05 22:06:00,16.187,12.187,21.187,19.312,21.125
2024-10-05 22:21:00,16.0,12.187,21.0,19.187,21.0
2024-10-05 22:36:00,15.875,12.187,20.812,19.125,20.812
2024-10-05 22:51:00,15.812,11.75,20.687,19.0,20.687
2024-10-05 23:06:00,15.562,11.875,20.5,18.875,20.5
2024-10-05 23:21:00,15.312,11.5,20.312,18.687,20.312
2024-10-05 23:36:00,15.062,11.375,20.062,18.5,20.062
2024-10-05 23:51:00,14.875,11.312,19.937,18.437,19.875
2024-10-06 00:06:00,14.687,10.687,19.75,18.312,19.687
2024-10-06 00:21:00,14.562,10.625,19.562,18.187,19.562
2024-10-06 00:36:00,14.375,10.437,19.437,18.062,19.375
2024-10-06 00:51:00,14.187,10.5,19.25,18.0,19.25
2024-10-06 01:06:00,14.0,10.375,19.125,17.875,19.062
2024-10-06 01:21:00,13.812,10.375,19.0,17.75,19.062
2024-10-06 01:36:00,13.75,10.25,18.875,17.687,18.812
2024-10-06 01:51:00,13.5,10.062,18.75,17.625,18.625
2024-10-06 02:06:00,13.375,9.687,18.625,17.5,18.562
2024-10-06 02:21:00,13.187,9.812,18.5,17.437,18.437
2024-10-06 02:36:00,13.062,9.5,18.375,17.375,18.312
2024-10-06 02:51:00,12.937,9.187,18.312,17.312,18.25
2024-10-06 03:06:00,12.875,9.437,18.25,17.187,18.125
2024-10-06 03:21:00,12.75,9.187,18.125,17.125,18.062
2024-10-06 03:36:00,12.625,9.187,18.0,17.062,17.937
2024-10-06 03:51:00,12.5,8.812,17.875,17.0,17.812
2024-10-06 04:06:00,12.312,8.687,17.75,16.875,17.687
2024-10-06 04:21:00,12.187,9.125,17.625,16.75,17.562
2024-10-06 04:36:00,12.0,8.5,17.437,16.625,17.375
2024-10-06 04:51:00,11.937,8.187,17.375,16.625,17.312
2024-10-06 05:06:00,11.812,8.125,17.25,16.562,17.187
2024-10-06 05:21:00,11.75,8.0,17.125,16.562,17.125
2024-10-06 05:36:00,11.687,8.25,17.125,16.5,17.0
2024-10-06 05:51:00,11.562,8.062,17.0,16.375,16.937
2024-10-06 06:06:00,11.437,7.875,16.875,16.312,16.812
2024-10-06 06:21:00,11.312,7.687,16.812,16.312,16.75
2024-10-06 06:36:00,11.187,7.437,16.75,16.25,16.625
2024-10-06 06:51:00,11.062,7.812,16.687,16.187,16.562
2024-10-06 07:06:00,11.062,8.0,16.625,16.187,16.562
2024-10-06 07:21:00,11.062,8.625,16.625,16.125,17.0
2024-10-06 07:36:00,11.125,11.75,16.812,16.125,17.5
2024-10-06 07:51:00,11.312,14.312,17.062,16.187,17.875
2024-10-06 08:06:00,11.562,17.875,17.625,16.375,18.5
2024-10-06 08:21:00,11.812,20.937,18.812,16.5,19.5
2024-10-06 08:36:00,12.812,22.375,20.312,16.625,20.812
2024-10-06 08:51:00,17.25,24.437,21.75,16.875,22.312
2024-10-06 09:06:00,19.437,25.375,22.875,17.125,23.562
2024-10-06 09:21:00,20.187,27.5,23.937,17.375,24.625
2024-10-06 09:36:00,20.25,29.437,24.75,17.687,25.562
2024-10-06 09:51:00,21.062,30.812,25.562,18.0,25.562
2024-10-06 10:06:00,21.5,33.062,26.0,18.437,27.062
2024-10-06 10:21:00,22.312,30.437,26.75,18.812,27.937
2024-10-06 10:36:00,22.312,33.5,27.062,19.187,28.312
2024-10-06 10:51:00,21.25,27.312,27.375,19.5,28.562
2024-10-06 11:06:00,20.937,35.562,27.5,19.75,28.937
2024-10-06 11:21:00,21.187,38.5,28.062,20.062,29.5
2024-10-06 11:36:00,21.625,37.375,28.5,20.375,29.937
2024-10-06 11:51:00,21.937,35.187,28.75,20.625,30.187
2024-10-06 12:06:00,22.062,35.875,28.812,20.812,30.25
2024-10-06 12:21:00,22.5,38.625,29.187,21.062,30.625
2024-10-06 12:36:00,22.5,28.625,29.125,21.187,30.562
2024-10-06 12:51:00,22.0,31.0,28.687,21.187,30.187
2024-10-06 13:06:00,22.0,36.0,28.875,21.312,30.5
2024-10-06 13:21:00,22.062,34.437,29.25,21.5,30.875
2024-10-06 13:36:00,22.25,34.062,29.5,21.625,31.312
2024-10-06 13:51:00,22.625,34.187,29.937,21.875,31.812
2024-10-06 14:06:00,23.187,35.562,30.5,22.062,32.375
2024-10-06 14:21:00,23.875,36.937,31.062,22.25,33.062
2024-10-06 14:36:00,24.312,36.75,31.687,22.5,33.625
2024-10-06 14:51:00,24.687,35.875,32.125,22.625,34.125
2024-10-06 15:06:00,24.875,35.437,32.5,22.75,34.562
2024-10-06 15:21:00,24.937,34.5,32.812,22.875,35.0
2024-10-06 15:36:00,25.0,32.812,33.062,22.937,35.187
2024-10-06 15:51:00,24.687,30.5,33.062,22.875,35.25
2024-10-06 16:06:00,24.062,29.375,32.75,22.875,34.937
2024-10-06 16:21:00,23.625,27.812,32.437,22.812,34.625
2024-10-06 16:36:00,23.0,25.812,31.937,22.625,34.0
2024-10-06 16:51:00,22.5,24.0,31.312,22.5,33.312
2024-10-06 17:06:00,21.75,22.312,30.5,22.312,33.312
2024-10-06 17:21:00,20.875,17.625,29.375,22.125,31.0
2024-10-06 17:36:00,19.812,16.062,27.875,22.062,29.437
2024-10-06 17:51:00,18.937,15.625,26.5,21.812,28.0
2024-10-06 18:06:00,18.437,15.125,25.437,21.437,26.812
2024-10-06 18:21:00,18.125,14.5,24.625,21.125,25.812
2024-10-06 18:36:00,17.875,14.312,23.875,20.812,24.687
2024-10-06 18:51:00,17.437,14.125,23.125,20.375,23.625
2024-10-06 19:06:00,17.062,13.875,22.375,19.937,22.687
2024-10-06 19:21:00,16.875,13.937,21.75,19.625,22.0
2024-10-06 19:36:00,16.562,13.187,21.375,19.437,21.5
2024-10-06 19:51:00,16.25,12.875,20.875,19.187,21.0
2024-10-06 20:06:00,16.0,13.187,20.5,18.937,20.562
2024-10-06 20:21:00,15.937,13.437,20.187,18.687,20.312
2024-10-06 20:36:00,15.812,13.437,20.0,18.625,20.062
2024-10-06 20:51:00,15.687,14.0,19.875,18.5,19.875
2024-10-06 21:06:00,15.812,14.312,19.812,18.5,19.812
2024-10-06 21:21:00,15.812,14.187,19.75,18.437,19.75
2024-10-06 21:36:00,15.687,14.375,19.687,18.375,19.687
2024-10-06 21:51:00,15.625,13.375,19.5,18.312,19.562
2024-10-06 22:06:00,15.375,12.75,19.375,18.187,19.375
2024-10-06 22:21:00,15.25,12.812,19.187,18.062,19.187
2024-10-06 22:36:00,15.312,13.312,19.125,18.0,19.125
2024-10-06 22:51:00,15.187,13.625,19.062,18.0,19.062
2024-10-06 23:06:00,15.125,13.75,19.125,17.937,19.062
2024-10-06 23:21:00,15.062,13.687,19.062,17.937,19.062
2024-10-06 23:36:00,15.0,13.687,19.062,17.937,19.062
2024-10-06 23:51:00,14.875,13.312,19.062,17.875,19.062
2024-10-07 00:06:00,14.687,13.25,19.0,17.812,18.937
2024-10-07 00:21:00,14.375,13.125,18.875,17.75,18.875
2024-10-07 00:36:00,14.25,12.5,18.875,17.687,18.812
2024-10-07 00:51:00,14.25,12.125,18.812,17.625,18.75
2024-10-07 01:06:00,14.25,11.75,18.687,17.562,18.687
2024-10-07 01:21:00,14.125,11.562,18.687,17.5,18.625
2024-10-07 01:36:00,14.187,12.5,18.625,17.437,18.562
2024-10-07 01:51:00,14.5,13.187,18.5,17.375,18.5
2024-10-07 02:06:00,14.687,13.125,18.562,17.375,18.5
2024-10-07 02:21:00,14.75,12.937,18.562,17.375,18.5
2024-10-07 02:36:00,14.687,12.625,18.5,17.375,18.5
2024-10-07 02:51:00,14.437,13.0,18.562,17.375,18.5
2024-10-07 03:06:00,14.625,13.437,18.5,17.312,18.5
2024-10-07 03:21:00,14.75,13.812,18.562,17.312,18.5
2024-10-07 03:36:00,14.937,13.937,18.562,17.312,18.562
2024-10-07 03:51:00,15.0,13.375,18.562,17.312,18.562
2024-10-07 04:06:00,15.0,13.437,18.312,17.312,18.375
2024-10-07 04:21:00,15.0,13.125,18.125,17.187,18.187
2024-10-07 04:36:00,14.812,12.875,18.0,17.125,18.062
2024-10-07 04:51:00,14.875,13.187,17.937,17.125,18.062
2024-10-07 05:06:00,14.875,13.0,18.0,17.062,18.0
2024-10-07 05:21:00,14.875,13.125,17.937,17.062,18.0
2024-10-07 05:36:00,14.937,13.562,18.0,17.062,18.062
2024-10-07 05:51:00,15.062,13.625,18.062,17.0,18.062
2024-10-07 06:06:00,15.125,13.875,18.125,17.0,18.125
2024-10-07 06:21:00,15.187,13.5,18.187,17.062,18.187
2024-10-07 06:36:00,15.187,13.75,18.187,17.062,18.25
2024-10-07 06:51:00,15.187,13.5,18.25,17.0,18.25
2024-10-07 07:06:00,15.125,13.625,18.187,17.0,18.25
2024-10-07 07:21:00,15.25,14.125,18.25,17.0,18.312
2024-10-07 07:36:00,15.375,14.312,18.375,17.0,18.437
2024-10-07 07:51:00,15.5,14.312,18.562,17.062,19.0
2024-10-07 08:06:00,15.375,13.625,18.75,17.062,19.5
2024-10-07 08:21:00,15.25,13.812,18.812,17.125,19.687
2024-10-07 08:36:00,15.187,13.562,18.812,17.062,19.75
2024-10-07 08:51:00,15.062,13.437,18.812,17.062,19.812
2024-10-07 09:06:00,14.937,13.75,18.687,17.062,19.812
2024-10-07 09:21:00,15.0,14.375,18.687,17.062,19.875
2024-10-07 09:36:00,15.125,13.875,18.75,17.125,19.937
2024-10-07 09:51:00,14.937,13.5,18.812,17.125,19.937
2024-10-07 10:06:00,14.812,13.5,18.75,17.125,19.812
2024-10-07 10:21:00,14.812,14.0,18.812,17.125,19.812
2024-10-07 10:36:00,14.812,13.687,18.75,17.062,19.812
2024-10-07 10:51:00,14.875,14.937,18.687,17.062,19.75
2024-10-07 11:06:00,15.0,15.812,18.75,17.062,19.937
2024-10-07 11:21:00,15.062,15.937,18.937,17.125,20.125
2024-10-07 11:36:00,15.375,15.687,19.062,17.187,20.25
2024-10-07 11:51:00,15.5,16.125,19.125,17.25,20.312
2024-10-07 12:06:00,15.562,15.812,19.25,17.25,20.437
2024-10-07 12:21:00,15.562,15.25,19.312,17.25,20.437
2024-10-07 12:36:00,15.5,16.187,19.312,17.25,20.5
2024-10-07 12:51:00,15.562,16.25,19.437,17.312,20.562
2024-10-07 13:06:00,15.562,15.875,19.437,17.312,20.625
2024-10-07 13:21:00,15.625,16.0,19.5,17.312,20.687
2024-10-07 13:36:00,15.625,16.625,19.562,17.312,20.75
2024-10-07 13:51:00,15.687,16.437,19.687,17.375,20.875
2024-10-07 14:06:00,15.75,15.875,19.812,17.437,20.937
2024-10-07 14:21:00,15.625,16.625,19.812,17.437,21.0
2024-10-07 14:36:00,15.625,17.125,19.812,17.437,21.0
2024-10-07 14:51:00,15.875,18.375,20.062,17.562,21.312
2024-10-07 15:06:00,16.062,18.312,20.375,17.625,21.562
2024-10-07 15:21:00,16.25,18.625,20.625,17.75,21.75
2024-10-07 15:36:00,16.5,18.875,20.812,17.875,22.0
2024-10-07 15:51:00,16.687,19.625,21.125,17.937,22.25
2024-10-07 16:06:00,16.937,19.562,21.375,18.062,22.562
2024-10-07 16:21:00,17.0,18.875,21.562,18.125,22.687
2024-10-07 16:36:00,17.062,18.25,21.625,18.187,22.812
2024-10-07 16:51:00,17.125,17.875,21.687,18.187,22.812
2024-10-07 17:06:00,17.187,18.437,21.687,18.25,22.812
2024-10-07 17:21:00,17.312,17.937,21.812,18.312,22.937
2024-10-07 17:36:00,17.25,16.312,21.812,18.312,22.937
2024-10-07 17:51:00,17.062,15.75,21.687,18.312,22.75
2024-10-07 18:06:00,16.812,14.875,21.562,18.312,22.562
2024-10-07 18:21:00,16.687,15.25,21.375,18.25,22.25
2024-10-07 18:36:00,16.562,15.5,21.187,18.25,21.687
2024-10-07 18:51:00,16.375,15.25,20.875,18.187,21.187
2024-10-07 19:06:00,16.25,15.062,20.625,18.125,20.812
2024-10-07 19:21:00,16.125,15.0,20.375,18.062,20.5
2024-10-07 19:36:00,15.937,14.687,20.187,17.937,20.25
2024-10-07 19:51:00,15.75,14.437,20.0,17.875,20.0
2024-10-07 20:06:00,15.687,14.312,19.812,17.812,19.812
2024-10-07 20:21:00,15.562,14.437,19.687,17.75,19.625
2024-10-07 20:36:00,15.5,14.062,19.562,17.687,19.5
2024-10-07 20:51:00,15.375,14.062,19.5,17.625,19.437
2024-10-07 21:06:00,15.312,13.812,19.375,17.562,19.375
2024-10-07 21:21:00,15.187,13.875,19.312,17.5,19.25
2024-10-07 21:36:00,15.125,13.937,19.25,17.437,19.187
2024-10-07 21:51:00,15.062,13.375,19.125,17.375,19.062
2024-10-07 22:06:00,14.875,13.687,19.0,17.25,18.937
2024-10-07 22:21:00,14.812,13.625,18.937,17.187,18.875
2024-10-07 22:36:00,14.687,13.437,18.812,17.187,18.75
2024-10-07 22:51:00,14.562,13.25,18.75,17.187,18.687
2024-10-07 23:06:00,14.437,13.187,18.625,17.125,18.562
2024-10-07 23:21:00,14.312,13.062,18.5,17.062,18.437
2024-10-07 23:36:00,14.187,12.812,18.375,17.0,18.312
2024-10-07 23:51:00,14.0,12.125,18.187,16.937,18.187
2024-10-08 00:06:00,13.75,11.312,18.0,16.812,18.0
2024-10-08 00:21:00,13.625,11.0,17.875,16.75,17.812
2024-10-08 00:36:00,13.437,11.0,17.75,16.687,17.687
2024-10-08 00:51:00,13.312,10.812,17.625,16.562,17.562
2024-10-08 01:06:00,13.25,10.875,17.5,16.5,17.437
2024-10-08 01:21:00,13.062,10.687,17.437,16.437,17.375
2024-10-08 01:36:00,13.0,10.625,17.375,16.437,17.312
2024-10-08 01:51:00,12.937,10.5,17.312,16.375,17.187
2024-10-08 02:06:00,12.875,10.375,17.187,16.375,17.125
2024-10-08 02:21:00,12.75,10.25,17.125,16.312,17.0
2024-10-08 02:36:00,12.687,10.062,17.0,16.25,16.937
2024-10-08 02:51:00,12.562,9.937,16.875,16.187,16.812
2024-10-08 03:06:00,12.5,10.187,16.812,16.062,16.687
2024-10-08 03:21:00,12.437,9.875,16.625,16.0,16.562
2024-10-08 03:36:00,12.375,9.75,16.562,15.937,16.5
2024-10-08 03:51:00,12.25,9.5,16.5,15.875,16.375
2024-10-08 04:06:00,12.125,9.0,16.437,15.875,16.312
2024-10-08 04:21:00,11.937,8.75,16.375,15.812,16.312
2024-10-08 04:36:00,11.875,8.562,16.375,15.812,16.25
2024-10-08 04:51:00,11.75,8.562,16.25,15.687,16.187
2024-10-08 05:06:00,11.687,8.562,16.187,15.625,16.062
2024-10-08 05:21:00,11.562,8.437,16.125,15.625,16.0
2024-10-08 05:36:00,11.5,8.375,16.0,15.562,15.937
2024-10-08 05:51:00,11.437,8.437,15.937,15.5,15.875
2024-10-08 06:06:00,11.312,8.375,15.875,15.437,15.75
2024-10-08 06:21:00,11.312,8.25,15.812,15.437,15.687
2024-10-08 06:36:00,11.25,8.25,15.75,15.437,15.687
2024-10-08 06:51:00,11.125,8.062,15.687,15.375,15.625
2024-10-08 07:06:00,11.062,8.25,15.625,15.375,15.562
2024-10-08 07:21:00,11.0,8.562,15.687,15.312,16.062
2024-10-08 07:36:00,11.062,8.812,15.812,15.25,16.437
2024-10-08 07:51:00,11.125,10.812,16.0,15.312,16.812
2024-10-08 08:06:00,11.25,13.187,16.312,15.437,17.25
2024-10-08 08:21:00,11.5,14.812,17.25,15.562,18.0
2024-10-08 08:36:00,14.0,16.437,18.312,15.625,18.937
2024-10-08 08:51:00,17.687,18.875,19.312,15.812,20.0
2024-10-08 09:06:00,19.25,20.562,20.312,16.0,21.0
2024-10-08 09:21:00,19.375,21.937,21.25,16.187,22.0
2024-10-08 09:36:00,19.375,23.25,22.0,16.437,22.75
2024-10-08 09:51:00,19.812,24.562,22.562,16.687,23.375
2024-10-08 10:06:00,20.062,26.25,23.062,16.937,23.937
2024-10-08 10:21:00,19.937,26.125,23.375,17.187,24.312
2024-10-08 10:36:00,19.187,28.625,23.687,17.375,24.687
2024-10-08 10:51:00,17.75,28.562,24.0,17.625,25.0
2024-10-08 11:06:00,17.187,28.75,24.187,17.812,25.25
2024-10-08 11:21:00,17.062,29.312,24.437,18.062,25.562
2024-10-08 11:36:00,17.312,31.562,24.75,18.187,25.875
2024-10-08 11:51:00,17.625,32.687,25.062,18.437,26.25
2024-10-08 12:06:00,17.937,35.687,25.375,18.625,26.625
2024-10-08 12:21:00,18.375,36.312,25.812,18.812,27.062
2024-10-08 12:36:00,18.687,33.5,26.25,19.0,27.5
2024-10-08 12:51:00,18.625,34.875,26.187,19.187,27.5
2024-10-08 13:06:00,18.937,37.312,26.5,19.312,27.875
2024-10-08 13:21:00,19.625,35.5,27.125,19.5,28.562
2024-10-08 13:36:00,20.062,36.062,27.562,19.625,29.062
2024-10-08 13:51:00,20.25,36.5,27.937,19.812,29.562
2024-10-08 14:06:00,20.875,35.562,28.437,20.0,30.125
2024-10-08 14:21:00,21.812,35.562,28.937,20.25,30.687
2024-10-08 14:36:00,22.5,35.062,29.437,20.437,31.187
2024-10-08 14:51:00,22.437,31.625,29.687,20.625,31.5
2024-10-08 15:06:00,22.0,33.25,29.625,20.75,31.562
2024-10-08 15:21:00,22.375,31.437,29.875,20.875,31.812
2024-10-08 15:36:00,21.937,31.5,29.812,20.875,31.812
2024-10-08 15:51:00,22.125,31.187,30.062,20.937,32.062
2024-10-08 16:06:00,22.0,29.562,30.125,21.0,32.125
2024-10-08 16:21:00,21.75,26.5,30.125,21.0,32.125
2024-10-08 16:36:00,21.312,25.312,29.75,20.937,31.687
2024-10-08 16:51:00,20.75,24.437,29.25,20.875,31.125
2024-10-08 17:06:00,20.437,23.187,28.687,20.75,30.437
2024-10-08 17:21:00,20.0,18.0,27.875,20.562,29.375
2024-10-08 17:36:00,19.187,15.937,26.687,20.375,28.125
2024-10-08 17:51:00,18.625,14.937,25.687,20.25,27.0
2024-10-08 18:06:00,18.125,14.125,24.812,20.187,26.0
2024-10-08 18:21:00,17.687,13.375,24.125,20.0,25.187
2024-10-08 18:36:00,17.312,13.0,23.437,19.812,24.125
2024-10-08 18:51:00,16.937,12.625,22.75,19.562,23.187
2024-10-08 19:06:00,16.625,12.562,22.187,19.25,22.437
2024-10-08 19:21:00,16.375,11.75,21.687,19.0,21.875
2024-10-08 19:36:00,16.125,11.687,21.312,18.812,21.375
2024-10-08 19:51:00,15.875,11.687,20.937,18.562,21.0
2024-10-08 20:06:00,15.625,11.187,20.625,18.375,20.625
2024-10-08 20:21:00,15.437,11.125,20.312,18.25,20.312
2024-10-08 20:36:00,15.187,10.812,20.062,18.062,20.062
2024-10-08 20:51:00,14.937,10.375,19.812,18.062,19.812
2024-10-08 21:06:00,14.75,10.437,19.625,17.812,19.562
2024-10-08 21:21:00,14.5,10.375,19.375,17.625,19.312
2024-10-08 21:36:00,14.312,10.875,19.125,17.437,19.125
2024-10-08 21:51:00,14.125,10.187,18.875,17.312,18.875
2024-10-08 22:06:00,13.937,9.812,18.75,17.187,18.687
2024-10-08 22:21:00,13.75,9.625,18.562,17.062,18.5
2024-10-08 22:36:00,13.562,9.5,18.375,16.937,18.312
2024-10-08 22:51:00,13.375,9.375,18.25,16.812,18.187
2024-10-08 23:06:00,13.187,9.437,18.125,16.75,18.062
2024-10-08 23:21:00,13.062,9.312,18.0,16.625,17.875
2024-10-08 23:36:00,12.75,9.062,17.812,16.5,17.75
2024-10-08 23:51:00,12.625,8.875,17.687,16.375,17.562
2024-10-09 00:06:00,12.437,8.75,17.562,16.312,17.437
2024-10-09 00:21:00,12.25,8.5,17.437,16.187,17.312
2024-10-09 00:36:00,12.0,8.312,17.25,16.062,17.187
2024-10-09 00:51:00,11.812,8.125,17.125,16.0,17.0
2024-10-09 01:06:00,11.687,7.937,17.0,16.0,16.937
2024-10-09 01:21:00,11.5,7.812,16.875,15.812,16.75
2024-10-09 01:36:00,11.312,7.875,16.75,15.687,16.625
2024-10-09 01:51:00,11.125,7.75,16.625,15.562,16.5
2024-10-09 02:06:00,11.125,8.125,16.562,15.562,16.437
2024-10-09 02:21:00,11.125,8.625,16.375,15.562,16.312
2024-10-09 02:36:00,11.187,9.5,16.375,15.562,16.25
2024-10-09 02:51:00,11.187,9.687,16.312,15.625,16.25
2024-10-09 03:06:00,11.25,10.125,16.375,15.625,16.312
2024-10-09 03:21:00,11.375,10.5,16.375,15.625,16.312
2024-10-09 03:36:00,11.375,10.062,16.312,15.562,16.25
2024-10-09 03:51:00,11.25,9.437,16.25,15.5,16.187
2024-10-09 04:06:00,11.125,9.437,16.125,15.437,16.062
2024-10-09 04:21:00,11.0,9.625,16.062,15.312,15.937
2024-10-09 04:36:00,11.0,9.437,15.937,15.312,15.875
2024-10-09 04:51:00,11.0,9.562,15.937,15.25,15.875
2024-10-09 05:06:00,11.0,9.5,15.937,15.25,15.812
2024-10-09 05:21:00,10.937,8.75,15.812,15.187,15.75
2024-10-09 05:36:00,10.875,8.0,15.75,15.062,15.687
2024-10-09 05:51:00,10.812,7.937,15.687,15.062,15.562
2024-10-09 06:06:00,10.75,7.562,15.625,15.062,15.562
2024-10-09 06:21:00,10.687,7.687,15.625,15.0,15.5
2024-10-09 06:36:00,10.625,7.625,15.562,15.0,15.5
2024-10-09 06:51:00,10.562,7.812,15.562,15.0,15.437
2024-10-09 07:06:00,10.5,7.625,15.5,14.937,15.437
2024-10-09 07:21:00,10.437,9.062,15.625,15.0,16.0
2024-10-09 07:36:00,10.625,10.375,15.875,15.125,16.562
2024-10-09 07:51:00,10.875,10.937,16.187,15.25,17.0
2024-10-09 08:06:00,11.062,10.687,16.375,15.25,17.312
2024-10-09 08:21:00,11.25,13.812,16.5,15.25,17.5
2024-10-09 08:36:00,13.25,18.812,17.187,15.187,18.125
2024-10-09 08:51:00,16.937,20.75,18.312,15.437,19.187
2024-10-09 09:06:00,17.937,21.812,19.437,15.625,20.312
2024-10-09 09:21:00,18.062,23.375,20.375,15.875,21.312
2024-10-09 09:36:00,18.312,25.812,21.25,16.125,22.187
2024-10-09 09:51:00,18.75,26.562,22.125,16.375,23.0
2024-10-09 10:06:00,19.437,28.25,22.687,16.625,23.687
2024-10-09 10:21:00,19.625,29.375,23.25,16.875,24.312
2024-10-09 10:36:00,18.812,29.937,23.625,17.125,24.687
2024-10-09 10:51:00,17.687,31.75,24.0,17.312,25.125
2024-10-09 11:06:00,16.937,30.062,24.125,17.562,25.312
2024-10-09 11:21:00,16.75,31.625,24.062,17.75,25.375
2024-10-09 11:36:00,16.875,33.312,24.312,17.875,25.562
2024-10-09 11:51:00,17.125,34.812,24.562,18.0,25.937
2024-10-09 12:06:00,17.375,34.625,25.0,18.125,26.25
2024-10-09 12:21:00,17.5,31.75,25.187,18.312,26.5
2024-10-09 12:36:00,17.625,32.75,25.062,18.375,26.5
2024-10-09 12:51:00,17.75,31.562,25.125,18.437,26.562
2024-10-09 13:06:00,17.875,34.812,25.187,18.5,26.625
2024-10-09 13:21:00,18.125,34.5,25.375,18.562,26.875
2024-10-09 13:36:00,18.875,31.375,26.0,18.75,27.625
2024-10-09 13:51:00,19.0,30.437,25.937,18.75,27.437
2024-10-09 14:06:00,19.187,31.937,26.0,18.812,27.625
2024-10-09 14:21:00,19.875,33.312,26.5,19.0,28.25
2024-10-09 14:36:00,19.937,25.625,26.625,19.125,28.312
2024-10-09 14:51:00,19.312,21.812,26.0,19.062,27.5
2024-10-09 15:06:00,18.812,24.062,25.625,18.875,26.75
2024-10-10 14:57:15,16.625,19.062,19.062,15.75,20.5
2024-10-10 15:12:00,16.875,20.0,19.875,16.125,21.25
2024-10-10 15:27:00,17.875,24.5,21.25,16.562,22.562
2024-10-10 15:33:31,85.0,22.875,21.5,16.937,21.75
2024-10-22 08:58:03
2024-10-22 08:58:27
2024-10-22 09:13:00
2024-10-22 09:28:00
2024-10-22 09:43:00
2024-10-22 09:58:00
2024-10-22 10:13:00
2024-10-22 10:28:00
2024-10-22 10:43:00
2024-10-22 10:58:00
2024-10-22 11:13:00
2024-10-22 11:28:00
2024-10-22 11:43:00
2024-10-22 11:58:00
